simbolo,cantidad,volumen,variacion
BTC,0.7799999999999998,34.66,13.84
XRP,205.0,0.0,0.8124005700000001
ETH,450.4,27.91,2.59
DOGE,400.0,0.0,0.0
USDt,400.0,0.0,0.0
DAG,500.0,1.0,1.0
