simbolo,cantidad,volumen,variacion
BTC,0.7799999999999998,34.66,13.84
XRP,220.0,0.0,0.873549
ETH,450.4,27.91,2.59
DOGE,400.0,0.0,0.0
USDt,400.0,0.0,0.0
